{
	"credit": "Made with Blockbench",
	"texture_size": [2, 2],
	"textures": {
		"1": "item/sword_part2",
		"2": "item/sword_part1"
	},
        	"elements": [
		{
			"from": [6.5, 3, 5.9],
			"to": [7.9, 3.7, 11.1],
			"rotation": {"angle": 0, "axis": "y", "origin": [8, 3, 21]},
			"faces": {
				"north": {"uv": [1, 3.5, 2, 3.875], "texture": "#1"},
				"east": {"uv": [4.5, 1, 8.125, 1.375], "texture": "#1"},
				"south": {"uv": [2, 3.5, 3, 3.875], "texture": "#1"},
				"west": {"uv": [4.5, 1.5, 8.125, 1.875], "texture": "#1"},
				"up": {"uv": [4, 3.625, 3, 0], "texture": "#1"},
				"down": {"uv": [1, 3.5, 0, 7.125], "texture": "#1"}
			}
		},
		{
			"from": [6.9, 3.7, 11],
			"to": [7.6, 4.3, 11.1],
			"rotation": {"angle": 0, "axis": "y", "origin": [7, 5, 10]},
			"faces": {
				"north": {"uv": [5.5, 6, 6.5, 6.25], "texture": "#1"},
				"east": {"uv": [6.5, 5.5, 6.625, 5.75], "texture": "#1"},
				"south": {"uv": [6.5, 0, 7.5, 0.25], "texture": "#1"},
				"west": {"uv": [6.5, 6, 6.625, 6.25], "texture": "#1"},
				"up": {"uv": [7.5, 4.125, 6.5, 4], "texture": "#1"},
				"down": {"uv": [7.5, 4.5, 6.5, 4.625], "texture": "#1"}
			}
		},
		{
			"from": [7, 4, 7],
			"to": [7.5, 11, 10],
			"rotation": {"angle": 0, "axis": "y", "origin": [7, 4, 11]},
			"faces": {
				"north": {"uv": [4, 1, 4.5, 4.5], "texture": "#1"},
				"east": {"uv": [0, 0, 1.5, 3.5], "texture": "#1"},
				"south": {"uv": [3.5, 4, 4, 7.5], "texture": "#1"},
				"west": {"uv": [1.5, 0, 3, 3.5], "texture": "#1"},
				"up": {"uv": [5, 6, 4.5, 4.5], "texture": "#1"},
				"down": {"uv": [1.5, 5, 1, 6.5], "texture": "#1"}
			}
		},
		{
			"from": [6.9, 3.7, 5.9],
			"to": [7.6, 4.3, 6],
			"rotation": {"angle": 0, "axis": "y", "origin": [8, 4, 5]},
			"faces": {
				"north": {"uv": [6.5, 0.5, 7.5, 0.75], "texture": "#1"},
				"east": {"uv": [6.5, 6.5, 6.625, 6.75], "texture": "#1"},
				"south": {"uv": [6.5, 2, 7.5, 2.25], "texture": "#1"},
				"west": {"uv": [1, 7, 1.125, 7.25], "texture": "#1"},
				"up": {"uv": [7.5, 5.125, 6.5, 5], "texture": "#1"},
				"down": {"uv": [6.5, 6.5, 5.5, 6.625], "texture": "#1"}
			}
		},
		{
			"from": [7, 1, 8],
			"to": [8, 3, 9],
			"rotation": {"angle": 0, "axis": "y", "origin": [7, -3, 7]},
			"faces": {
				"north": {"uv": [1.5, 6, 2, 7], "texture": "#1"},
				"east": {"uv": [2, 6, 2.5, 7], "texture": "#1"},
				"south": {"uv": [6, 2, 6.5, 3], "texture": "#1"},
				"west": {"uv": [2.5, 6, 3, 7], "texture": "#1"},
				"up": {"uv": [1.5, 7, 1, 6.5], "texture": "#1"},
				"down": {"uv": [7, 2.5, 6.5, 3], "texture": "#1"}
			}
		},
		{
			"from": [6.5, -1, 7.7],
			"to": [8.1, 1, 9.3],
			"rotation": {"angle": 0, "axis": "y", "origin": [7, -1, 7]},
			"faces": {
				"north": {"uv": [1.5, 5, 2.25, 6], "texture": "#1"},
				"east": {"uv": [5, 2, 5.75, 3], "texture": "#1"},
				"south": {"uv": [2.5, 5, 3.25, 6], "texture": "#1"},
				"west": {"uv": [5, 3, 5.75, 4], "texture": "#1"},
				"up": {"uv": [5.75, 4.75, 5, 4], "texture": "#1"},
				"down": {"uv": [5.75, 5, 5, 5.75], "texture": "#1"}
			}
		},
		{
			"from": [6.9, 3, 6],
			"to": [7.6, 4.6, 11],
			"rotation": {"angle": 0, "axis": "y", "origin": [6, 3, 9]},
			"faces": {
				"north": {"uv": [3, 6, 3.5, 7], "texture": "#1"},
				"east": {"uv": [4, 0, 6.5, 1], "texture": "#1"},
				"south": {"uv": [6, 3, 6.5, 4], "texture": "#1"},
				"west": {"uv": [1, 4, 3.5, 5], "texture": "#1"},
				"up": {"uv": [5, 4.5, 4.5, 2], "texture": "#1"},
				"down": {"uv": [4.5, 4.5, 4, 7], "texture": "#1"}
			}
		},
		{
			"from": [7, 11, 8],
			"to": [7.5, 12, 9],
			"rotation": {"angle": 0, "axis": "y", "origin": [6, 11, 8]},
			"faces": {
				"north": {"uv": [6, 4, 6.5, 5], "texture": "#1"},
				"east": {"uv": [4.5, 6, 5, 7], "texture": "#1"},
				"south": {"uv": [5, 6, 5.5, 7], "texture": "#1"},
				"west": {"uv": [6, 5, 6.5, 6], "texture": "#1"},
				"up": {"uv": [7, 3.5, 6.5, 3], "texture": "#1"},
				"down": {"uv": [7, 3.5, 6.5, 4], "texture": "#1"}
			}
		},
		{
			"from": [7, 12, 8],
			"to": [7.5, 14, 9],
			"rotation": {"angle": 0, "axis": "y", "origin": [6, 12, 8]},
			"faces": {
				"north": {"uv": [6, 4, 6.5, 5], "texture": "#1"},
				"east": {"uv": [4.5, 6, 5, 7], "texture": "#1"},
				"south": {"uv": [5, 6, 5.5, 7], "texture": "#1"},
				"west": {"uv": [6, 5, 6.5, 6], "texture": "#1"},
				"up": {"uv": [7, 3.5, 6.5, 3], "texture": "#1"},
				"down": {"uv": [7, 3.5, 6.5, 4], "texture": "#1"}
			}
		},
		{
			"from": [7, 12, 9],
			"to": [7.5, 13.8, 9.3],
			"rotation": {"angle": 0, "axis": "y", "origin": [6, 12, 9]},
			"faces": {
				"north": {"uv": [6, 4, 6.5, 5], "texture": "#1"},
				"east": {"uv": [4.5, 6, 5, 7], "texture": "#1"},
				"south": {"uv": [5, 6, 5.5, 7], "texture": "#1"},
				"west": {"uv": [6, 5, 6.5, 6], "texture": "#1"},
				"up": {"uv": [7, 3.5, 6.5, 3], "texture": "#1"},
				"down": {"uv": [7, 3.5, 6.5, 4], "texture": "#1"}
			}
		},
		{
			"from": [7, 12, 9.3],
			"to": [7.5, 13.7, 9.6],
			"rotation": {"angle": 0, "axis": "y", "origin": [6, 12, 10]},
			"faces": {
				"north": {"uv": [6, 4, 6.5, 5], "texture": "#1"},
				"east": {"uv": [4.5, 6, 5, 7], "texture": "#1"},
				"south": {"uv": [5, 6, 5.5, 7], "texture": "#1"},
				"west": {"uv": [6, 5, 6.5, 6], "texture": "#1"},
				"up": {"uv": [7, 3.5, 6.5, 3], "texture": "#1"},
				"down": {"uv": [7, 3.5, 6.5, 4], "texture": "#1"}
			}
		},
		{
			"from": [7, 12, 9.6],
			"to": [7.5, 13.4, 9.9],
			"rotation": {"angle": 0, "axis": "y", "origin": [6, 12, 11]},
			"faces": {
				"north": {"uv": [6, 4, 6.5, 5], "texture": "#1"},
				"east": {"uv": [4.5, 6, 5, 7], "texture": "#1"},
				"south": {"uv": [5, 6, 5.5, 7], "texture": "#1"},
				"west": {"uv": [6, 5, 6.5, 6], "texture": "#1"},
				"up": {"uv": [7, 3.5, 6.5, 3], "texture": "#1"},
				"down": {"uv": [7, 3.5, 6.5, 4], "texture": "#1"}
			}
		},
		{
			"from": [7, 12, 7.1],
			"to": [7.5, 13.4, 7.4],
			"rotation": {"angle": 0, "axis": "y", "origin": [6, 12, 8]},
			"faces": {
				"north": {"uv": [6, 4, 6.5, 5], "texture": "#1"},
				"east": {"uv": [4.5, 6, 5, 7], "texture": "#1"},
				"south": {"uv": [5, 6, 5.5, 7], "texture": "#1"},
				"west": {"uv": [6, 5, 6.5, 6], "texture": "#1"},
				"up": {"uv": [7, 3.5, 6.5, 3], "texture": "#1"},
				"down": {"uv": [7, 3.5, 6.5, 4], "texture": "#1"}
			}
		},
		{
			"from": [7, 12, 8],
			"to": [7.5, 13, 8.3],
			"rotation": {"angle": 0, "axis": "y", "origin": [6, 12, 8]},
			"faces": {
				"north": {"uv": [6, 4, 6.5, 5], "texture": "#1"},
				"east": {"uv": [4.5, 6, 5, 7], "texture": "#1"},
				"south": {"uv": [5, 6, 5.5, 7], "texture": "#1"},
				"west": {"uv": [6, 5, 6.5, 6], "texture": "#1"},
				"up": {"uv": [7, 3.5, 6.5, 3], "texture": "#1"},
				"down": {"uv": [7, 3.5, 6.5, 4], "texture": "#1"}
			}
		},
		{
			"from": [7, 12, 9.9],
			"to": [7.5, 13.2, 10],
			"rotation": {"angle": 0, "axis": "y", "origin": [6, 12, 11]},
			"faces": {
				"north": {"uv": [6, 4, 6.5, 5], "texture": "#1"},
				"east": {"uv": [4.5, 6, 5, 7], "texture": "#1"},
				"south": {"uv": [5, 6, 5.5, 7], "texture": "#1"},
				"west": {"uv": [6, 5, 6.5, 6], "texture": "#1"},
				"up": {"uv": [7, 3.5, 6.5, 3], "texture": "#1"},
				"down": {"uv": [7, 3.5, 6.5, 4], "texture": "#1"}
			}
		},
		{
			"from": [7, 12, 7],
			"to": [7.5, 13.2, 7.1],
			"rotation": {"angle": 0, "axis": "y", "origin": [6, 12, 8]},
			"faces": {
				"north": {"uv": [6, 4, 6.5, 5], "texture": "#1"},
				"east": {"uv": [4.5, 6, 5, 7], "texture": "#1"},
				"south": {"uv": [5, 6, 5.5, 7], "texture": "#1"},
				"west": {"uv": [6, 5, 6.5, 6], "texture": "#1"},
				"up": {"uv": [7, 3.5, 6.5, 3], "texture": "#1"},
				"down": {"uv": [7, 3.5, 6.5, 4], "texture": "#1"}
			}
		},
		{
			"from": [7, 12, 7.4],
			"to": [7.5, 13.7, 7.7],
			"rotation": {"angle": 0, "axis": "y", "origin": [6, 12, 8]},
			"faces": {
				"north": {"uv": [6, 4, 6.5, 5], "texture": "#1"},
				"east": {"uv": [4.5, 6, 5, 7], "texture": "#1"},
				"south": {"uv": [5, 6, 5.5, 7], "texture": "#1"},
				"west": {"uv": [6, 5, 6.5, 6], "texture": "#1"},
				"up": {"uv": [7, 3.5, 6.5, 3], "texture": "#1"},
				"down": {"uv": [7, 3.5, 6.5, 4], "texture": "#1"}
			}
		},
		{
			"from": [7, 11, 8],
			"to": [7.5, 12, 9],
			"rotation": {"angle": 0, "axis": "y", "origin": [6, 11, 8]},
			"faces": {
				"north": {"uv": [6, 4, 6.5, 5], "texture": "#1"},
				"east": {"uv": [4.5, 6, 5, 7], "texture": "#1"},
				"south": {"uv": [5, 6, 5.5, 7], "texture": "#1"},
				"west": {"uv": [6, 5, 6.5, 6], "texture": "#1"},
				"up": {"uv": [7, 3.5, 6.5, 3], "texture": "#1"},
				"down": {"uv": [7, 3.5, 6.5, 4], "texture": "#1"}
			}
		},
		{
			"from": [7, 12, 7.7],
			"to": [7.5, 13.8, 8],
			"rotation": {"angle": 0, "axis": "y", "origin": [6, 12, 7]},
			"faces": {
				"north": {"uv": [6, 4, 6.5, 5], "texture": "#1"},
				"east": {"uv": [4.5, 6, 5, 7], "texture": "#1"},
				"south": {"uv": [5, 6, 5.5, 7], "texture": "#1"},
				"west": {"uv": [6, 5, 6.5, 6], "texture": "#1"},
				"up": {"uv": [7, 3.5, 6.5, 3], "texture": "#1"},
				"down": {"uv": [7, 3.5, 6.5, 4], "texture": "#1"}
			}
		},
		{
			"from": [7, 11, 7],
			"to": [7.5, 12, 8],
			"rotation": {"angle": 0, "axis": "y", "origin": [6, 11, 7]},
			"faces": {
				"north": {"uv": [6, 4, 6.5, 5], "texture": "#1"},
				"east": {"uv": [4.5, 6, 5, 7], "texture": "#1"},
				"south": {"uv": [5, 6, 5.5, 7], "texture": "#1"},
				"west": {"uv": [6, 5, 6.5, 6], "texture": "#1"},
				"up": {"uv": [7, 3.5, 6.5, 3], "texture": "#1"},
				"down": {"uv": [7, 3.5, 6.5, 4], "texture": "#1"}
			}
		},
		{
			"from": [7, 11, 9],
			"to": [7.5, 12, 10],
			"rotation": {"angle": 0, "axis": "y", "origin": [6, 11, 9]},
			"faces": {
				"north": {"uv": [6, 4, 6.5, 5], "texture": "#1"},
				"east": {"uv": [4.5, 6, 5, 7], "texture": "#1"},
				"south": {"uv": [5, 6, 5.5, 7], "texture": "#1"},
				"west": {"uv": [6, 5, 6.5, 6], "texture": "#1"},
				"up": {"uv": [7, 3.5, 6.5, 3], "texture": "#1"},
				"down": {"uv": [7, 3.5, 6.5, 4], "texture": "#1"}
			}
		},
		{
			"from": [7.6, 2.1, 7.5],
			"to": [7.95, 2.75, 8.15],
			"rotation": {"angle": -45, "axis": "x", "origin": [13, 4, 6]},
			"faces": {
				"north": {"uv": [0, 8, 3, 13], "texture": "#2"},
				"east": {"uv": [0, 0, 5, 5], "texture": "#2"},
				"south": {"uv": [0, 8, 3, 13], "texture": "#2"},
				"west": {"uv": [0, 0, 5, 5], "texture": "#2"},
				"up": {"uv": [3, 13, 0, 8], "texture": "#2"},
				"down": {"uv": [3, 8, 0, 13], "texture": "#2"}
			}
		},
		{
			"from": [6.5, 2.1, 7.5],
			"to": [6.85, 2.75, 8.15],
			"rotation": {"angle": -45, "axis": "x", "origin": [1, 4, 6]},
			"faces": {
				"north": {"uv": [3, 8, 0, 13], "texture": "#2"},
				"east": {"uv": [5, 0, 0, 5], "texture": "#2"},
				"south": {"uv": [3, 8, 0, 13], "texture": "#2"},
				"west": {"uv": [5, 0, 0, 5], "texture": "#2"},
				"up": {"uv": [0, 13, 3, 8], "texture": "#2"},
				"down": {"uv": [0, 8, 3, 13], "texture": "#2"}
			}
		}
	],
	"display": {
		"thirdperson_righthand": {
			"rotation": [0, 0, -1],
			"translation": [1, 8, 0.25],
			"scale": [1, 1.09, 0.94]
		},
		"thirdperson_lefthand": {
			"translation": [0, 7.5, 0],
			"scale": [1, 1.09, 0.94]
		},
		"firstperson_righthand": {
			"translation": [0, 8, 0],
			"scale": [0.88, 1.16, 1]
		},
		"firstperson_lefthand": {
			"translation": [0, 8, 0],
			"scale": [0.88, 1.16, 1]
		},
		"ground": {
			"translation": [0, 4.25, 0]
		},
		"gui": {
			"rotation": [55, -150, 57],
			"translation": [-79, 1.25, 1.25],
			"scale": [1.09, 1.07, 1]
		},
		"head": {
			"translation": [0, 12, 0]
		},
		"fixed": {
			"rotation": [-19, 91, 20],
			"translation": [0, 0.25, -0.75]
		}
	},
	"groups": [
		{
			"name": "group",
			"origin": [8, 4, 4],
			"color": 0,
			"children": [0, 1, 2, 3, 4, 5, 6, 7, 8, 9, 10, 11, 12, 13, 14, 15, 16, 17, 18, 19, 20, 21, 22]
		}
	]
}